<?xml version="1.0" encoding="UTF-8"?>
<metadata modelVersion="1.1.0">
  <groupId>org.hzero</groupId>
  <artifactId>hzero-apaas-parent</artifactId>
  <version>2.9.1-SNAPSHOT</version>
  <versioning>
    <snapshot>
      <timestamp>20250623.141029</timestamp>
      <buildNumber>31</buildNumber>
    </snapshot>
    <lastUpdated>20250714062234</lastUpdated>
    <snapshotVersions>
      <snapshotVersion>
        <extension>pom</extension>
        <value>2.9.1-20250623.141029-31</value>
        <updated>20250623141029</updated>
      </snapshotVersion>
    </snapshotVersions>
  </versioning>
</metadata>
