<?xml version="1.0" encoding="UTF-8"?>
<metadata modelVersion="1.1.0">
  <groupId>org.hzero.boot</groupId>
  <artifactId>hzero-boot-modeler-parent</artifactId>
  <version>2.9.1-1.12-SNAPSHOT</version>
  <versioning>
    <snapshot>
      <timestamp>20250711.015825</timestamp>
      <buildNumber>10</buildNumber>
    </snapshot>
    <lastUpdated>20250725074345</lastUpdated>
    <snapshotVersions>
      <snapshotVersion>
        <extension>pom</extension>
        <value>2.9.1-1.12-20250711.015825-10</value>
        <updated>20250711015825</updated>
      </snapshotVersion>
    </snapshotVersions>
  </versioning>
</metadata>
