<?xml version="1.0" encoding="UTF-8"?>
<metadata modelVersion="1.1.0">
  <groupId>org.hzero.starter</groupId>
  <artifactId>hzero-starter-script-base</artifactId>
  <version>2.9.1-1.12-SNAPSHOT</version>
  <versioning>
    <snapshot>
      <timestamp>20250716.044905</timestamp>
      <buildNumber>10</buildNumber>
    </snapshot>
    <lastUpdated>20250716044905</lastUpdated>
    <snapshotVersions>
      <snapshotVersion>
        <extension>pom</extension>
        <value>2.9.1-1.12-20250716.044905-10</value>
        <updated>20250716044905</updated>
      </snapshotVersion>
      <snapshotVersion>
        <extension>jar</extension>
        <value>2.9.1-1.12-20250716.044905-10</value>
        <updated>20250716044905</updated>
      </snapshotVersion>
      <snapshotVersion>
        <classifier>sources</classifier>
        <extension>jar</extension>
        <value>2.9.1-1.12-20250716.044905-10</value>
        <updated>20250716044905</updated>
      </snapshotVersion>
    </snapshotVersions>
  </versioning>
</metadata>
