<?xml version="1.0" encoding="UTF-8"?>
<metadata modelVersion="1.1.0">
  <groupId>org.hzero</groupId>
  <artifactId>hzero-apaas-parent</artifactId>
  <version>2.9.1-1.12-SNAPSHOT</version>
  <versioning>
    <snapshot>
      <timestamp>20250716.034353</timestamp>
      <buildNumber>13</buildNumber>
    </snapshot>
    <lastUpdated>20250716034353</lastUpdated>
    <snapshotVersions>
      <snapshotVersion>
        <extension>pom</extension>
        <value>2.9.1-1.12-20250716.034353-13</value>
        <updated>20250716034353</updated>
      </snapshotVersion>
    </snapshotVersions>
  </versioning>
</metadata>
