<?xml version="1.0" encoding="UTF-8"?>
<metadata modelVersion="1.1.0">
  <groupId>org.hzero.boot</groupId>
  <artifactId>hzero-apaas-common</artifactId>
  <version>2.9.1-1.12-SNAPSHOT</version>
  <versioning>
    <snapshot>
      <timestamp>20250710.075604</timestamp>
      <buildNumber>8</buildNumber>
    </snapshot>
    <lastUpdated>20250722090134</lastUpdated>
    <snapshotVersions>
      <snapshotVersion>
        <classifier>sources</classifier>
        <extension>jar</extension>
        <value>2.9.1-1.12-20250710.075604-8</value>
        <updated>20250710075604</updated>
      </snapshotVersion>
      <snapshotVersion>
        <extension>jar</extension>
        <value>2.9.1-1.12-20250710.075604-8</value>
        <updated>20250710075604</updated>
      </snapshotVersion>
      <snapshotVersion>
        <extension>pom</extension>
        <value>2.9.1-1.12-20250710.075604-8</value>
        <updated>20250710075604</updated>
      </snapshotVersion>
    </snapshotVersions>
  </versioning>
</metadata>
