<?xml version="1.0" encoding="UTF-8"?>
<metadata modelVersion="1.1.0">
  <groupId>org.hzero.starter</groupId>
  <artifactId>hzero-starter-script-plugin-h0</artifactId>
  <version>2.9.1-SNAPSHOT</version>
  <versioning>
    <snapshot>
      <timestamp>20241209.061047</timestamp>
      <buildNumber>21</buildNumber>
    </snapshot>
    <lastUpdated>20250627060411</lastUpdated>
    <snapshotVersions>
      <snapshotVersion>
        <extension>jar</extension>
        <value>2.9.1-20241209.061047-21</value>
        <updated>20241209061047</updated>
      </snapshotVersion>
      <snapshotVersion>
        <extension>pom</extension>
        <value>2.9.1-20241209.061047-21</value>
        <updated>20241209061047</updated>
      </snapshotVersion>
    </snapshotVersions>
  </versioning>
</metadata>
